<ImportExportXml xmlns:xsi="http://www.w3.org/2001/XMLSchema-instance" OrganizationVersion="9.2.24114.232" OrganizationSchemaType="Standard" CRMServerServiceabilityVersion="9.2.24122.00188">
  <Entities></Entities>
  <Roles></Roles>
  <Workflows>
    <Workflow WorkflowId="{6c6975f3-a99a-ef11-8a6a-7c1e520b4bea}" Name="Emai Student when a loan is created">
      <JsonFileName>/Workflows/EmaiStudentwhenaloaniscreated-6C6975F3-A99A-EF11-8A6A-7C1E520B4BEA.json</JsonFileName>
      <Type>1</Type>
      <Subprocess>0</Subprocess>
      <Category>5</Category>
      <Mode>0</Mode>
      <Scope>4</Scope>
      <OnDemand>0</OnDemand>
      <TriggerOnCreate>0</TriggerOnCreate>
      <TriggerOnDelete>0</TriggerOnDelete>
      <AsyncAutodelete>0</AsyncAutodelete>
      <SyncWorkflowLogOnFailure>0</SyncWorkflowLogOnFailure>
      <StateCode>1</StateCode>
      <StatusCode>2</StatusCode>
      <RunAs>1</RunAs>
      <IsTransacted>1</IsTransacted>
      <IntroducedVersion>1.0.0.0</IntroducedVersion>
      <IsCustomizable>1</IsCustomizable>
      <BusinessProcessType>0</BusinessProcessType>
      <IsCustomProcessingStepAllowedForOtherPublishers>1</IsCustomProcessingStepAllowedForOtherPublishers>
      <PrimaryEntity>none</PrimaryEntity>
      <LocalizedNames>
        <LocalizedName languagecode="1033" description="Emai Student when a loan is created" />
      </LocalizedNames>
    </Workflow>
  </Workflows>
  <FieldSecurityProfiles></FieldSecurityProfiles>
  <Templates />
  <EntityMaps />
  <EntityRelationships />
  <OrganizationSettings />
  <optionsets />
  <CustomControls />
  <AppModuleSiteMaps>
    <AppModuleSiteMap>
      <SiteMapUniqueName>pu_MyLoanManagerCustomPage</SiteMapUniqueName>
      <EnableCollapsibleGroups>False</EnableCollapsibleGroups>
      <ShowHome>True</ShowHome>
      <ShowPinned>True</ShowPinned>
      <ShowRecents>True</ShowRecents>
      <SiteMap IntroducedVersion="7.0.0.0">
        <Area Id="area_32a38f4c" ResourceId="SitemapDesigner.NewTitle" DescriptionResourceId="SitemapDesigner.NewTitle" ShowGroups="true" IntroducedVersion="7.0.0.0">
          <Titles>
            <Title LCID="1033" Title="Area1" />
          </Titles>
          <Group Id="group_a1af1f1c" ResourceId="SitemapDesigner.NewGroup" DescriptionResourceId="SitemapDesigner.NewGroup" IntroducedVersion="7.0.0.0" IsProfile="false" ToolTipResourseId="SitemapDesigner.Unknown">
            <SubArea Id="subarea_b0d807d6" Icon="/_imgs/imagestrips/transparent_spacer.gif" Entity="pu_author" Client="All,Outlook,OutlookLaptopClient,OutlookWorkstationClient,Web" AvailableOffline="true" PassParams="false" Sku="All,OnPremise,Live,SPLA" />
            <SubArea Id="subarea_7374d9f3" Icon="/_imgs/imagestrips/transparent_spacer.gif" Entity="pu_bookcopies" Client="All,Outlook,OutlookLaptopClient,OutlookWorkstationClient,Web" AvailableOffline="true" PassParams="false" Sku="All,OnPremise,Live,SPLA" />
            <SubArea Id="subarea_b0f5ed08" Icon="/_imgs/imagestrips/transparent_spacer.gif" Entity="pu_book" Client="All,Outlook,OutlookLaptopClient,OutlookWorkstationClient,Web" AvailableOffline="true" PassParams="false" Sku="All,OnPremise,Live,SPLA" />
            <SubArea Id="subarea_4e266a97" Icon="/_imgs/imagestrips/transparent_spacer.gif" Entity="contact" Client="All,Outlook,OutlookLaptopClient,OutlookWorkstationClient,Web" AvailableOffline="true" PassParams="false" Sku="All,OnPremise,Live,SPLA" />
            <SubArea Id="subarea_2d0e0aff" Icon="/_imgs/imagestrips/transparent_spacer.gif" Entity="pu_loans" Client="All,Outlook,OutlookLaptopClient,OutlookWorkstationClient,Web" AvailableOffline="true" PassParams="false" Sku="All,OnPremise,Live,SPLA" />
            <SubArea Id="subarea_7950a8d5" Icon="/_imgs/imagestrips/transparent_spacer.gif" Client="All,Outlook,OutlookLaptopClient,OutlookWorkstationClient,Web" AvailableOffline="true" PassParams="false" Sku="All,OnPremise,Live,SPLA" Page="pu_loanscheckincheckout_fb218">
              <Titles>
                <Title LCID="1033" Title="Loans check-in check-out - Custom page" />
              </Titles>
            </SubArea>
            <SubArea Id="subarea_12d9e080" Icon="/_imgs/imagestrips/transparent_spacer.gif" Client="All,Outlook,OutlookLaptopClient,OutlookWorkstationClient,Web" AvailableOffline="true" PassParams="false" Sku="All,OnPremise,Live,SPLA" Page="pu_loandashboardcustompage_3ec44">
              <Titles>
                <Title LCID="1033" Title="Loan Dashboard Custom Page" />
              </Titles>
            </SubArea>
          </Group>
        </Area>
      </SiteMap>
      <LocalizedNames>
        <LocalizedName description="My Loan Manager Custom Page" languagecode="1033" />
      </LocalizedNames>
    </AppModuleSiteMap>
  </AppModuleSiteMaps>
  <AppModules>
    <AppModule>
      <UniqueName>pu_MyLoanManagerCustomPage</UniqueName>
      <IntroducedVersion>1.0.0.0</IntroducedVersion>
      <WebResourceId>953b9fac-1e5e-e611-80d6-00155ded156f</WebResourceId>
      <OptimizedFor></OptimizedFor>
      <statecode>0</statecode>
      <statuscode>1</statuscode>
      <FormFactor>1</FormFactor>
      <ClientType>4</ClientType>
      <NavigationType>0</NavigationType>
      <AppModuleComponents>
        <AppModuleComponent type="1" schemaName="pu_author" />
        <AppModuleComponent type="1" schemaName="contact" />
        <AppModuleComponent type="1" schemaName="pu_bookcopies" />
        <AppModuleComponent type="1" schemaName="pu_book" />
        <AppModuleComponent type="1" schemaName="pu_loans" />
        <AppModuleComponent type="62" schemaName="pu_MyLoanManagerCustomPage" />
      </AppModuleComponents>
      <AppModuleRoleMaps>
        <Role id="{627090ff-40a3-4053-8790-584edc5be201}" />
        <Role id="{119f245c-3cc8-4b62-b31c-d1a046ced15d}" />
      </AppModuleRoleMaps>
      <LocalizedNames>
        <LocalizedName description="My Loan Manager Custom Page" languagecode="1033" />
      </LocalizedNames>
      <appelements>
        <appelement uniquename="pu_pu_MyLoanManagerCustomPage_canvasappid_pu_loandashboardcustompage_3ec44">
          <canvasappid>
            <name>pu_loandashboardcustompage_3ec44</name>
          </canvasappid>
          <iscustomizable>1</iscustomizable>
          <name>pu_pu_MyLoanManagerCustomPage_canvasappid_pu_loandashboardcustompage_3ec44</name>
        </appelement>
        <appelement uniquename="pu_pu_MyLoanManagerCustomPage_canvasappid_pu_loanscheckincheckout_fb218">
          <canvasappid>
            <name>pu_loanscheckincheckout_fb218</name>
          </canvasappid>
          <iscustomizable>1</iscustomizable>
          <name>pu_pu_MyLoanManagerCustomPage_canvasappid_pu_loanscheckincheckout_fb218</name>
        </appelement>
      </appelements>
      <appsettings>
        <appsetting settingdefinitionid.uniquename="AppChannel">
          <iscustomizable>1</iscustomizable>
          <value>1</value>
        </appsetting>
      </appsettings>
    </AppModule>
  </AppModules>
  <EntityDataProviders />
  <CanvasApps>
    <CanvasApp>
      <Name>pu_loanscheckincheckout_fb218</Name>
      <AppVersion>2024-10-24T10:52:29Z</AppVersion>
      <Status>Ready</Status>
      <CreatedByClientVersion>3.23122.20.0</CreatedByClientVersion>
      <MinClientVersion>3.23122.20.0</MinClientVersion>
      <Tags>{"primaryDeviceWidth":"1366","primaryDeviceHeight":"768","supportsPortrait":"true","supportsLandscape":"true","primaryFormFactor":"Tablet","showStatusBar":"false","publisherVersion":"3.23122.20","minimumRequiredApiVersion":"2.2.0","hasComponent":"false","hasUnlockedComponent":"false","isUnifiedRootApp":"false","offlineLargeFilesSupport":"false","sienaVersion":"20240111T112735Z-3.23122.19.0"}</Tags>
      <IsCdsUpgraded>0</IsCdsUpgraded>
      <GalleryItemId xsi:nil="true"></GalleryItemId>
      <BackgroundColor>RGBA(0,176,240,1)</BackgroundColor>
      <DisplayName>Loans check-in check-out - Custom page</DisplayName>
      <Description></Description>
      <CommitMessage></CommitMessage>
      <Publisher></Publisher>
      <AuthorizationReferences>[]</AuthorizationReferences>
      <ConnectionReferences>{}</ConnectionReferences>
      <DatabaseReferences>{"default.cds":{"databaseDetails":{"referenceType":"Environmental","environmentName":"default.cds","overrideValues":{"status":"NotSpecified","environmentVariableName":""}},"dataSources":{"BookCopies":{"entitySetName":"pu_bookcopieses","logicalName":"pu_bookcopies"},"Books":{"entitySetName":"pu_books","logicalName":"pu_book"},"Contacts":{"entitySetName":"contacts","logicalName":"contact"},"Loans":{"entitySetName":"pu_loanses","logicalName":"pu_loans"}}}}</DatabaseReferences>
      <AppComponents>[]</AppComponents>
      <AppComponentDependencies>[]</AppComponentDependencies>
      <CanConsumeAppPass>1</CanConsumeAppPass>
      <CanvasAppType>2</CanvasAppType>
      <BypassConsent>0</BypassConsent>
      <EmbeddedApp xsi:nil="true"></EmbeddedApp>
      <IntroducedVersion>1.0</IntroducedVersion>
      <CdsDependencies>{"cdsdependencies":[{"componenttype":1,"logicalname":"pu_bookcopies"},{"componenttype":1,"logicalname":"pu_book"},{"componenttype":1,"logicalname":"contact"},{"componenttype":1,"logicalname":"pu_loans"}]}</CdsDependencies>
      <IsCustomizable>1</IsCustomizable>
      <BackgroundImageUri>/CanvasApps/pu_loanscheckincheckout_fb218_BackgroundImageUri</BackgroundImageUri>
      <DocumentUri>/CanvasApps/pu_loanscheckincheckout_fb218_DocumentUri.msapp</DocumentUri>
      <AdditionalUris>
        <AdditionalUri>/CanvasApps/pu_loanscheckincheckout_fb218_AdditionalUris0_identity.json</AdditionalUri>
      </AdditionalUris>
    </CanvasApp>
    <CanvasApp>
      <Name>pu_mylibmanagerapp_ab1f3</Name>
      <AppVersion>2024-10-29T16:46:05Z</AppVersion>
      <Status>Ready</Status>
      <CreatedByClientVersion>3.24102.15.0</CreatedByClientVersion>
      <MinClientVersion>3.24102.15.0</MinClientVersion>
      <Tags>{"primaryDeviceWidth":"1366","primaryDeviceHeight":"768","supportsPortrait":"true","supportsLandscape":"true","primaryFormFactor":"Tablet","showStatusBar":"false","publisherVersion":"3.24102.15","minimumRequiredApiVersion":"2.2.0","hasComponent":"true","hasUnlockedComponent":"true","isUnifiedRootApp":"false","sienaVersion":"20241029T091704Z-3.24102.15.0"}</Tags>
      <IsCdsUpgraded>0</IsCdsUpgraded>
      <GalleryItemId xsi:nil="true"></GalleryItemId>
      <BackgroundColor>rgba(204, 208, 225, 1)</BackgroundColor>
      <DisplayName>My Lib Manager App</DisplayName>
      <Description xsi:nil="true"></Description>
      <CommitMessage xsi:nil="true"></CommitMessage>
      <Publisher xsi:nil="true"></Publisher>
      <AuthorizationReferences>[]</AuthorizationReferences>
      <ConnectionReferences>{}</ConnectionReferences>
      <DatabaseReferences>{"default.cds":{"databaseDetails":{"referenceType":"Environmental","environmentName":"default.cds","overrideValues":{"status":"NotSpecified","environmentVariableName":""}},"dataSources":{"Loans":{"entitySetName":"pu_loanses","logicalName":"pu_loans"},"BookCopies":{"entitySetName":"pu_bookcopieses","logicalName":"pu_bookcopies"},"Contacts":{"entitySetName":"contacts","logicalName":"contact"},"Books":{"entitySetName":"pu_books","logicalName":"pu_book"},"Users":{"entitySetName":"systemusers","logicalName":"systemuser"}}}}</DatabaseReferences>
      <AppComponents>[]</AppComponents>
      <AppComponentDependencies>[]</AppComponentDependencies>
      <CanConsumeAppPass>0</CanConsumeAppPass>
      <CanvasAppType>0</CanvasAppType>
      <BypassConsent>0</BypassConsent>
      <AdminControlBypassConsent>0</AdminControlBypassConsent>
      <EmbeddedApp xsi:nil="true"></EmbeddedApp>
      <IntroducedVersion>1.0</IntroducedVersion>
      <CdsDependencies>{"cdsdependencies":[{"logicalname":"pu_loans","componenttype":1},{"logicalname":"pu_bookcopies","componenttype":1},{"logicalname":"contact","componenttype":1},{"logicalname":"pu_book","componenttype":1},{"logicalname":"systemuser","componenttype":1}]}</CdsDependencies>
      <IsCustomizable>1</IsCustomizable>
      <BackgroundImageUri>/CanvasApps/pu_mylibmanagerapp_ab1f3_BackgroundImageUri</BackgroundImageUri>
      <DocumentUri>/CanvasApps/pu_mylibmanagerapp_ab1f3_DocumentUri.msapp</DocumentUri>
      <AdditionalUris>
        <AdditionalUri>/CanvasApps/pu_mylibmanagerapp_ab1f3_AdditionalUris0_identity.json</AdditionalUri>
      </AdditionalUris>
    </CanvasApp>
    <CanvasApp>
      <Name>pu_loandashboardcustompage_3ec44</Name>
      <AppVersion>2024-10-30T13:01:13Z</AppVersion>
      <Status>Ready</Status>
      <CreatedByClientVersion>3.24102.15.0</CreatedByClientVersion>
      <MinClientVersion>3.24102.15.0</MinClientVersion>
      <Tags>{"primaryDeviceWidth":"1366","primaryDeviceHeight":"768","supportsPortrait":"true","supportsLandscape":"true","primaryFormFactor":"Tablet","showStatusBar":"false","publisherVersion":"3.24102.15","minimumRequiredApiVersion":"2.2.0","hasComponent":"false","hasUnlockedComponent":"false","isUnifiedRootApp":"false"}</Tags>
      <IsCdsUpgraded>0</IsCdsUpgraded>
      <GalleryItemId xsi:nil="true"></GalleryItemId>
      <BackgroundColor>RGBA(0,176,240,1)</BackgroundColor>
      <DisplayName>Loan Dashboard Custom Page</DisplayName>
      <Description xsi:nil="true"></Description>
      <CommitMessage xsi:nil="true"></CommitMessage>
      <Publisher xsi:nil="true"></Publisher>
      <AuthorizationReferences>[]</AuthorizationReferences>
      <ConnectionReferences>{}</ConnectionReferences>
      <DatabaseReferences>{"default.cds":{"databaseDetails":{"referenceType":"NotSpecified","environmentName":"default.cds","overrideValues":{"status":"NotSpecified","environmentVariableName":""}},"dataSources":{"Loans":{"entitySetName":"pu_loanses","logicalName":"pu_loans"}}}}</DatabaseReferences>
      <AppComponents>[]</AppComponents>
      <AppComponentDependencies>[]</AppComponentDependencies>
      <CanConsumeAppPass>0</CanConsumeAppPass>
      <CanvasAppType>2</CanvasAppType>
      <BypassConsent>0</BypassConsent>
      <AdminControlBypassConsent>0</AdminControlBypassConsent>
      <EmbeddedApp xsi:nil="true"></EmbeddedApp>
      <IntroducedVersion>1.0</IntroducedVersion>
      <CdsDependencies>{"cdsdependencies":[{"logicalname":"pu_loans","componenttype":1}]}</CdsDependencies>
      <IsCustomizable>1</IsCustomizable>
      <BackgroundImageUri>/CanvasApps/pu_loandashboardcustompage_3ec44_BackgroundImageUri</BackgroundImageUri>
      <DocumentUri>/CanvasApps/pu_loandashboardcustompage_3ec44_DocumentUri.msapp</DocumentUri>
      <AdditionalUris>
        <AdditionalUri>/CanvasApps/pu_loandashboardcustompage_3ec44_AdditionalUris0_identity.json</AdditionalUri>
      </AdditionalUris>
    </CanvasApp>
  </CanvasApps>
  <connectionreferences>
    <connectionreference connectionreferencelogicalname="pu_sharedcommondataserviceforapps_78df9">
      <connectionreferencedisplayname>Microsoft Dataverse MySchoolLibrarySolution-78df9</connectionreferencedisplayname>
      <connectorid>/providers/Microsoft.PowerApps/apis/shared_commondataserviceforapps</connectorid>
      <iscustomizable>1</iscustomizable>
      <promptingbehavior>0</promptingbehavior>
      <statecode>0</statecode>
      <statuscode>1</statuscode>
    </connectionreference>
    <connectionreference connectionreferencelogicalname="pu_sharedoutlook_6e13e">
      <connectionreferencedisplayname>Outlook.com MySchoolLibrarySolution-6e13e</connectionreferencedisplayname>
      <connectorid>/providers/Microsoft.PowerApps/apis/shared_outlook</connectorid>
      <iscustomizable>1</iscustomizable>
      <promptingbehavior>0</promptingbehavior>
      <statecode>0</statecode>
      <statuscode>1</statuscode>
    </connectionreference>
  </connectionreferences>
  <Languages>
    <Language>1033</Language>
  </Languages>
</ImportExportXml>