<ImportExportXml version="9.2.24114.232" SolutionPackageVersion="9.2" languagecode="1033" generatedBy="CrmLive" xmlns:xsi="http://www.w3.org/2001/XMLSchema-instance" OrganizationVersion="9.2.24114.232" OrganizationSchemaType="Standard" CRMServerServiceabilityVersion="9.2.24122.00188">
  <SolutionManifest>
    <UniqueName>MySchoolLibrarySolution</UniqueName>
    <LocalizedNames>
      <LocalizedName description="Book Library Solution" languagecode="1033" />
    </LocalizedNames>
    <Descriptions />
    <Version>1.0.0.2</Version>
    <Managed>1</Managed>
    <Publisher>
      <UniqueName>powerup</UniqueName>
      <LocalizedNames>
        <LocalizedName description="Power Up" languagecode="1033" />
      </LocalizedNames>
      <Descriptions />
      <EMailAddress xsi:nil="true"></EMailAddress>
      <SupportingWebsiteUrl xsi:nil="true"></SupportingWebsiteUrl>
      <CustomizationPrefix>pu</CustomizationPrefix>
      <CustomizationOptionValuePrefix>82725</CustomizationOptionValuePrefix>
      <Addresses>
        <Address>
          <AddressNumber>1</AddressNumber>
          <AddressTypeCode>1</AddressTypeCode>
          <City xsi:nil="true"></City>
          <County xsi:nil="true"></County>
          <Country xsi:nil="true"></Country>
          <Fax xsi:nil="true"></Fax>
          <FreightTermsCode xsi:nil="true"></FreightTermsCode>
          <ImportSequenceNumber xsi:nil="true"></ImportSequenceNumber>
          <Latitude xsi:nil="true"></Latitude>
          <Line1 xsi:nil="true"></Line1>
          <Line2 xsi:nil="true"></Line2>
          <Line3 xsi:nil="true"></Line3>
          <Longitude xsi:nil="true"></Longitude>
          <Name xsi:nil="true"></Name>
          <PostalCode xsi:nil="true"></PostalCode>
          <PostOfficeBox xsi:nil="true"></PostOfficeBox>
          <PrimaryContactName xsi:nil="true"></PrimaryContactName>
          <ShippingMethodCode>1</ShippingMethodCode>
          <StateOrProvince xsi:nil="true"></StateOrProvince>
          <Telephone1 xsi:nil="true"></Telephone1>
          <Telephone2 xsi:nil="true"></Telephone2>
          <Telephone3 xsi:nil="true"></Telephone3>
          <TimeZoneRuleVersionNumber xsi:nil="true"></TimeZoneRuleVersionNumber>
          <UPSZone xsi:nil="true"></UPSZone>
          <UTCOffset xsi:nil="true"></UTCOffset>
          <UTCConversionTimeZoneCode xsi:nil="true"></UTCConversionTimeZoneCode>
        </Address>
        <Address>
          <AddressNumber>2</AddressNumber>
          <AddressTypeCode>1</AddressTypeCode>
          <City xsi:nil="true"></City>
          <County xsi:nil="true"></County>
          <Country xsi:nil="true"></Country>
          <Fax xsi:nil="true"></Fax>
          <FreightTermsCode xsi:nil="true"></FreightTermsCode>
          <ImportSequenceNumber xsi:nil="true"></ImportSequenceNumber>
          <Latitude xsi:nil="true"></Latitude>
          <Line1 xsi:nil="true"></Line1>
          <Line2 xsi:nil="true"></Line2>
          <Line3 xsi:nil="true"></Line3>
          <Longitude xsi:nil="true"></Longitude>
          <Name xsi:nil="true"></Name>
          <PostalCode xsi:nil="true"></PostalCode>
          <PostOfficeBox xsi:nil="true"></PostOfficeBox>
          <PrimaryContactName xsi:nil="true"></PrimaryContactName>
          <ShippingMethodCode>1</ShippingMethodCode>
          <StateOrProvince xsi:nil="true"></StateOrProvince>
          <Telephone1 xsi:nil="true"></Telephone1>
          <Telephone2 xsi:nil="true"></Telephone2>
          <Telephone3 xsi:nil="true"></Telephone3>
          <TimeZoneRuleVersionNumber xsi:nil="true"></TimeZoneRuleVersionNumber>
          <UPSZone xsi:nil="true"></UPSZone>
          <UTCOffset xsi:nil="true"></UTCOffset>
          <UTCConversionTimeZoneCode xsi:nil="true"></UTCConversionTimeZoneCode>
        </Address>
      </Addresses>
    </Publisher>
    <RootComponents>
      <RootComponent type="29" id="{6c6975f3-a99a-ef11-8a6a-7c1e520b4bea}" behavior="0" />
      <RootComponent type="62" schemaName="pu_MyLoanManagerCustomPage" behavior="0" />
      <RootComponent type="80" schemaName="pu_MyLoanManagerCustomPage" behavior="0" />
      <RootComponent type="300" schemaName="pu_loandashboardcustompage_3ec44" behavior="0" />
      <RootComponent type="300" schemaName="pu_loanscheckincheckout_fb218" behavior="0" />
      <RootComponent type="300" schemaName="pu_mylibmanagerapp_ab1f3" behavior="0" />
    </RootComponents>
    <MissingDependencies>
      <MissingDependency>
        <Required type="1" schemaName="pu_author" displayName="Author" solution="Active" />
        <Dependent type="62" schemaName="pu_MyLoanManagerCustomPage" />
      </MissingDependency>
      <MissingDependency>
        <Required type="1" schemaName="pu_author" displayName="Author" solution="Active" />
        <Dependent type="80" schemaName="pu_MyLoanManagerCustomPage" displayName="My Loan Manager Custom Page" />
      </MissingDependency>
      <MissingDependency>
        <Required type="1" schemaName="pu_book" displayName="Books" solution="Active" />
        <Dependent type="29" displayName="Emai Student when a loan is created" id="{6c6975f3-a99a-ef11-8a6a-7c1e520b4bea}" />
      </MissingDependency>
      <MissingDependency>
        <Required type="1" schemaName="pu_book" displayName="Books" solution="Active" />
        <Dependent type="300" schemaName="pu_loanscheckincheckout_fb218" displayName="Loans check-in check-out - Custom page" />
      </MissingDependency>
      <MissingDependency>
        <Required type="1" schemaName="pu_book" displayName="Books" solution="Active" />
        <Dependent type="300" schemaName="pu_mylibmanagerapp_ab1f3" displayName="My Lib Manager App" />
      </MissingDependency>
      <MissingDependency>
        <Required type="1" schemaName="pu_book" displayName="Books" solution="Active" />
        <Dependent type="62" schemaName="pu_MyLoanManagerCustomPage" />
      </MissingDependency>
      <MissingDependency>
        <Required type="1" schemaName="pu_book" displayName="Books" solution="Active" />
        <Dependent type="80" schemaName="pu_MyLoanManagerCustomPage" displayName="My Loan Manager Custom Page" />
      </MissingDependency>
      <MissingDependency>
        <Required type="1" schemaName="pu_bookcopies" displayName="BookCopies" solution="Active" />
        <Dependent type="29" displayName="Emai Student when a loan is created" id="{6c6975f3-a99a-ef11-8a6a-7c1e520b4bea}" />
      </MissingDependency>
      <MissingDependency>
        <Required type="1" schemaName="pu_bookcopies" displayName="BookCopies" solution="Active" />
        <Dependent type="300" schemaName="pu_loanscheckincheckout_fb218" displayName="Loans check-in check-out - Custom page" />
      </MissingDependency>
      <MissingDependency>
        <Required type="1" schemaName="pu_bookcopies" displayName="BookCopies" solution="Active" />
        <Dependent type="300" schemaName="pu_mylibmanagerapp_ab1f3" displayName="My Lib Manager App" />
      </MissingDependency>
      <MissingDependency>
        <Required type="1" schemaName="pu_bookcopies" displayName="BookCopies" solution="Active" />
        <Dependent type="62" schemaName="pu_MyLoanManagerCustomPage" />
      </MissingDependency>
      <MissingDependency>
        <Required type="1" schemaName="pu_bookcopies" displayName="BookCopies" solution="Active" />
        <Dependent type="80" schemaName="pu_MyLoanManagerCustomPage" displayName="My Loan Manager Custom Page" />
      </MissingDependency>
      <MissingDependency>
        <Required type="1" schemaName="pu_loans" displayName="Loans" solution="Active" />
        <Dependent type="29" displayName="Emai Student when a loan is created" id="{6c6975f3-a99a-ef11-8a6a-7c1e520b4bea}" />
      </MissingDependency>
      <MissingDependency>
        <Required type="1" schemaName="pu_loans" displayName="Loans" solution="Active" />
        <Dependent type="300" schemaName="pu_loandashboardcustompage_3ec44" displayName="Loan Dashboard Custom Page" />
      </MissingDependency>
      <MissingDependency>
        <Required type="1" schemaName="pu_loans" displayName="Loans" solution="Active" />
        <Dependent type="300" schemaName="pu_loanscheckincheckout_fb218" displayName="Loans check-in check-out - Custom page" />
      </MissingDependency>
      <MissingDependency>
        <Required type="1" schemaName="pu_loans" displayName="Loans" solution="Active" />
        <Dependent type="300" schemaName="pu_mylibmanagerapp_ab1f3" displayName="My Lib Manager App" />
      </MissingDependency>
      <MissingDependency>
        <Required type="1" schemaName="pu_loans" displayName="Loans" solution="Active" />
        <Dependent type="62" schemaName="pu_MyLoanManagerCustomPage" />
      </MissingDependency>
      <MissingDependency>
        <Required type="1" schemaName="pu_loans" displayName="Loans" solution="Active" />
        <Dependent type="80" schemaName="pu_MyLoanManagerCustomPage" displayName="My Loan Manager Custom Page" />
      </MissingDependency>
      <MissingDependency>
        <Required type="61" schemaName="msdyn_/Images/AppModule_Default_Icon.png" displayName="msdyn_/Images/AppModule_Default_Icon.png" solution="AppModuleWebResources (2.5)" />
        <Dependent type="80" schemaName="pu_MyLoanManagerCustomPage" displayName="My Loan Manager Custom Page" />
      </MissingDependency>
      <MissingDependency>
        <Required type="SettingDefinition" displayName="AppChannel" solution="msdyn_AppFrameworkInfraExtensions (1.0.0.12)" id.uniquename="AppChannel">
          <package appName="PowerAppsAppFramework Package" version="1.0.0.16">PowerAppsAppFramework_Anchor (1.0.0.16)</package>
        </Required>
        <Dependent type="AppSetting" displayName="parentappmoduleid.uniquename=pu_MyLoanManagerCustomPage,settingdefinitionid.uniquename=AppChannel" id.parentappmoduleid.uniquename="pu_MyLoanManagerCustomPage" id.settingdefinitionid.uniquename="AppChannel" />
      </MissingDependency>
    </MissingDependencies>
  </SolutionManifest>
</ImportExportXml>